{
    "volume": 20.378299682089672,
    "scale": 1.088587233452933
}