{
    "volume": 9.965507400618796,
    "scale": 0.9045041696510275
}