{
    "volume": 11.70142201238624,
    "scale": 0.9045041696510275
}