{
    "volume": 19.11452915916938,
    "scale": 1.0656022367666107
}