{
    "volume": 19.60778823697154,
    "scale": 1.0743370709889664
}