{
    "volume": 16.698958346982845,
    "scale": 1.0743370709889664
}