{
    "volume": 15.082930119855474,
    "scale": 1.0384988203702208
}