{
    "volume": 17.71026034307107,
    "scale": 1.0384988203702208
}