{
    "volume": 17.534816005519016,
    "scale": 1.0353988054484062
}