{
    "volume": 19.92404288595495,
    "scale": 1.0800822982552907
}