{
    "volume": 16.96829638483741,
    "scale": 1.0800822982552907
}