{
    "volume": 18.4496555930375,
    "scale": 1.1106405414766722
}