{
    "volume": 21.66344345536372,
    "scale": 1.1106405414766722
}