{
    "volume": 15.955102851868658,
    "scale": 1.0033222835420892
}