{
    "volume": 11.057992075552534,
    "scale": 0.8879040017426006
}