{
    "volume": 11.385167363402829,
    "scale": 0.896280949311433
}