{
    "volume": 9.696169362764232,
    "scale": 0.896280949311433
}