{
    "volume": 11.985542684528008,
    "scale": 0.9619001716077046
}