{
    "volume": 14.07333187976183,
    "scale": 0.9619001716077046
}