{
    "volume": 21.64207020500996,
    "scale": 1.1106405414766722
}