{
    "volume": 20.220328366724633,
    "scale": 1.0857670466379625
}