{
    "volume": 21.82157077985542,
    "scale": 1.1133362815209518
}