{
    "volume": 18.584324611964778,
    "scale": 1.1133362815209518
}