{
    "volume": 10.900020760187497,
    "scale": 0.8836555922403612
}