{
    "volume": 18.324672582344203,
    "scale": 1.0507175744985804
}