{
    "volume": 19.904385735994563,
    "scale": 1.0800822982552907
}