{
    "volume": 10.436403416452592,
    "scale": 0.8706587691173612
}