{
    "volume": 8.888155249200546,
    "scale": 0.8706587691173612
}