{
    "volume": 16.74495942869384,
    "scale": 1.0196128224222163
}