{
    "volume": 18.79858652843931,
    "scale": 1.0596985021248149
}