{
    "volume": 17.06090205942391,
    "scale": 1.0259855680060181
}