{
    "volume": 10.504183476327919,
    "scale": 0.9205164082515889
}