{
    "volume": 12.333931310353066,
    "scale": 0.9205164082515889
}