{
    "volume": 11.446866608818885,
    "scale": 0.9472682371859096
}