{
    "volume": 13.440822581795006,
    "scale": 0.9472682371859096
}