{
    "volume": 14.53336101358333,
    "scale": 0.9725888262188559
}