{
    "volume": 21.484098889644923,
    "scale": 1.1079316513508928
}