{
    "volume": 19.765915561463245,
    "scale": 1.077217345015942
}