{
    "volume": 16.833627365910125,
    "scale": 1.077217345015942
}