{
    "volume": 11.042859552037042,
    "scale": 0.9359901623141157
}