{
    "volume": 12.966440608319887,
    "scale": 0.9359901623141157
}