{
    "volume": 12.650185959336477,
    "scale": 0.9283177667225558
}