{
    "volume": 10.773521514182482,
    "scale": 0.9283177667225558
}