{
    "volume": 13.111619175298005,
    "scale": 0.9397796374952974
}