{
    "volume": 19.430471789899453,
    "scale": 1.0714412696907731
}