{
    "volume": 20.852213628184778,
    "scale": 1.0969613104865237
}