{
    "volume": 9.794221552632244,
    "scale": 0.8527018983281598
}