{
    "volume": 11.373934706282606,
    "scale": 0.896280949311433
}