{
    "volume": 10.594530740944299,
    "scale": 0.8750340122833274
}