{
    "volume": 9.022824268127827,
    "scale": 0.8750340122833274
}