{
    "volume": 14.389586528745241,
    "scale": 0.9690521083433501
}