{
    "volume": 12.254880722382572,
    "scale": 0.9690521083433501
}