{
    "volume": 16.12898709815401,
    "scale": 1.006622709560113
}