{
    "volume": 13.736239930582663,
    "scale": 1.006622709560113
}