{
    "volume": 20.536270997454707,
    "scale": 1.091392883061106
}