{
    "volume": 14.544254044146351,
    "scale": 1.0259855680060181
}