{
    "volume": 17.077751045104247,
    "scale": 1.0259855680060181
}