{
    "volume": 10.742049444822461,
    "scale": 0.8793659344316358
}