{
    "volume": 11.312197589891605,
    "scale": 0.9435387960633067
}