{
    "volume": 13.2826952573033,
    "scale": 0.9435387960633067
}