{
    "volume": 13.26959049066304,
    "scale": 0.9435387960633067
}