{
    "type": "eos",
    "skip": false,
    "vol_start": 0.6,
    "vol_end": 1.41,
    "vol_step": 0.01,
    "cal_setting": {
        "etol": 0,
        "ftol": 1e-10,
        "relax_pos": true,
        "relax_shape": false,
        "relax_vol": false
    },
    "reproduce": false,
    "cal_type": "relaxation",
    "scale2equi": [
        0.8434326653017492,
        0.8480926088488114,
        0.8527018983281598,
        0.8572618882313395,
        0.8617738760127535,
        0.8662391053409028,
        0.8706587691173612,
        0.8750340122833274,
        0.8793659344316358,
        0.8836555922403612,
        0.8879040017426006,
        0.8921121404456347,
        0.896280949311433,
        0.9004113346093702,
        0.9045041696510275,
        0.9085602964160698,
        0.9125805270773933,
        0.9165656454330223,
        0.9205164082515889,
        0.9244335465376482,
        0.9283177667225558,
        0.9321697517861577,
        0.9359901623141157,
        0.9397796374952974,
        0.9435387960633067,
        0.9472682371859096,
        0.950968541305815,
        0.954640270936004,
        0.9582839714125568,
        0.9619001716077046,
        0.9654893846056297,
        0.9690521083433501,
        0.9725888262188559,
        0.9761000076685076,
        0.9795861087155615,
        0.9830475724915585,
        0.986484829732188,
        0.9898982992491293,
        0.9932883883792687,
        0.9966554934125964,
        1.0,
        1.0033222835420892,
        1.006622709560113,
        1.009901634049961,
        1.0131594038201772,
        1.0163963568148535,
        1.0196128224222163,
        1.0228091217696715,
        1.0259855680060181,
        1.0291424665715063,
        1.0322801154563672,
        1.0353988054484062,
        1.0384988203702208,
        1.041580437306559,
        1.0446439268223187,
        1.0476895531716472,
        1.0507175744985804,
        1.053728243029631,
        1.0567218052587208,
        1.0596985021248149,
        1.0626585691826111,
        1.0656022367666107,
        1.0685297301488765,
        1.0714412696907731,
        1.0743370709889664,
        1.077217345015942,
        1.0800822982552907,
        1.0829321328319994,
        1.0857670466379625,
        1.088587233452933,
        1.091392883061106,
        1.09418418136353,
        1.0969613104865237,
        1.0997244488862667,
        1.1024737714497332,
        1.105209449592116,
        1.1079316513508928,
        1.1106405414766722,
        1.1133362815209518,
        1.1160190299209167,
        1.1186889420813968
    ]
}