{
    "volume": 12.163791283107788,
    "scale": 0.9165656454330223
}