{
    "volume": 21.958012835740035,
    "scale": 1.1160190299209167
}