{
    "volume": 11.068912714419417,
    "scale": 0.8879040017426006
}