{
    "volume": 9.42683132490967,
    "scale": 0.8879040017426006
}