{
    "volume": 15.165246275043476,
    "scale": 0.986484829732188
}