{
    "volume": 14.375389698218294,
    "scale": 0.9690521083433501
}