{
    "volume": 9.830838381691514,
    "scale": 0.9004113346093702
}