{
    "volume": 11.543294687894535,
    "scale": 0.9004113346093702
}