{
    "volume": 16.113074167233695,
    "scale": 1.006622709560113
}