{
    "volume": 20.240297534938364,
    "scale": 1.0857670466379625
}