{
    "volume": 17.23763442269197,
    "scale": 1.0857670466379625
}