{
    "volume": 11.847848652377715,
    "scale": 0.9085602964160698
}