{
    "volume": 18.956557843804344,
    "scale": 1.0626585691826111
}