{
    "volume": 16.27104548259873,
    "scale": 1.009901634049961
}