{
    "volume": 12.389549741309851,
    "scale": 0.9725888262188559
}