{
    "volume": 14.547713853236948,
    "scale": 0.9725888262188559
}