{
    "volume": 16.564289328055565,
    "scale": 1.0714412696907731
}