{
    "volume": 19.449660912479832,
    "scale": 1.0714412696907731
}