{
    "volume": 10.110164183362317,
    "scale": 0.8617738760127535
}