{
    "volume": 10.584078129457424,
    "scale": 0.8750340122833274
}