{
    "volume": 13.75707723077842,
    "scale": 0.954640270936004
}