{
    "volume": 11.716204646673448,
    "scale": 0.954640270936004
}