{
    "volume": 21.16815625891485,
    "scale": 1.1024737714497332
}