{
    "volume": 17.77631049840109,
    "scale": 1.0969613104865237
}