{
    "volume": 20.872806832905184,
    "scale": 1.0969613104865237
}