{
    "volume": 10.268135498727354,
    "scale": 0.8662391053409028
}