{
    "volume": 21.800041520374993,
    "scale": 1.1133362815209518
}