{
    "9.487639469502357": -6.886409,
    "10.278276091960889": -7.0510285,
    "11.068912714419417": -8.016251,
    "11.859549336877947": -8.92283,
    "12.650185959336477": -9.9631805,
    "13.440822581795006": -10.5259565,
    "14.231459204253538": -10.7532525,
    "15.022095826712066": -10.876075,
    "15.812732449170596": -10.9097975,
    "16.60336907162913": -10.879874,
    "17.394005694087657": -10.8034245,
    "18.184642316546185": -10.691559,
    "18.975278939004717": -10.547456,
    "19.765915561463245": -10.3806815,
    "20.556552183921777": -10.198309,
    "21.347188806380306": -10.0059795
}