{
    "volume": 16.5869881133288,
    "scale": 1.0163963568148535
}