{
    "volume": 16.294951290201002,
    "scale": 1.0656022367666107
}