{
    "volume": 19.133406263496422,
    "scale": 1.0656022367666107
}