{
    "volume": 12.637705229202897,
    "scale": 0.9283177667225558
}