{
    "volume": 10.369514457400639,
    "scale": 0.9165656454330223
}