{
    "volume": 12.175803985861359,
    "scale": 0.9165656454330223
}