{
    "volume": 9.157493287055107,
    "scale": 0.8793659344316358
}