{
    "volume": 10.752658065436005,
    "scale": 0.8793659344316358
}