{
    "volume": 8.484148192418704,
    "scale": 0.8572618882313395
}