{
    "volume": 9.962021442977475,
    "scale": 0.8572618882313395
}