{
    "volume": 18.85366264981934,
    "scale": 1.1186889420813968
}