{
    "volume": 22.137825428838834,
    "scale": 1.1186889420813968
}