{
    "volume": 16.429016797963765,
    "scale": 1.0131594038201772
}