{
    "volume": 9.478278921902172,
    "scale": 0.8434326653017492
}