{
    "volume": 11.581535627746167,
    "scale": 0.950968541305815
}