{
    "volume": 13.598949906286713,
    "scale": 0.950968541305815
}