{
    "volume": 22.115984151105067,
    "scale": 1.1186889420813968
}