{
    "volume": 11.21596339091757,
    "scale": 0.8921121404456347
}