{
    "volume": 10.908190533109762,
    "scale": 0.9321697517861577
}