{
    "volume": 12.808313283828182,
    "scale": 0.9321697517861577
}