{
    "volume": 14.217418382853257,
    "scale": 0.9654893846056297
}