{
    "volume": 21.50531613087201,
    "scale": 1.1079316513508928
}