{
    "volume": 18.314986574110215,
    "scale": 1.1079316513508928
}