{
    "volume": 12.017676661369654,
    "scale": 0.9125805270773933
}