{
    "volume": 10.234845438473357,
    "scale": 0.9125805270773933
}