{
    "volume": 13.33223287380082,
    "scale": 0.9966554934125964
}