{
    "volume": 15.65460512467889,
    "scale": 0.9966554934125964
}