{
    "volume": 20.39842485943007,
    "scale": 1.088587233452933
}