{
    "volume": 17.372303441619252,
    "scale": 1.088587233452933
}