{
    "volume": 10.278276091960889,
    "scale": 0.8662391053409028
}