{
    "volume": 8.753486230273266,
    "scale": 0.8662391053409028
}