{
    "volume": 18.482643897709234,
    "scale": 1.053728243029631
}