{
    "volume": 18.166701266979164,
    "scale": 1.0476895531716472
}