{
    "volume": 16.287114422645715,
    "scale": 1.009901634049961
}