{
    "volume": 13.870908949509944,
    "scale": 1.009901634049961
}