{
    "volume": 8.618817211345984,
    "scale": 0.8617738760127535
}