{
    "volume": 10.120148767469182,
    "scale": 0.8617738760127535
}