{
    "volume": 19.272500474534418,
    "scale": 1.0685297301488765
}