{
    "volume": 14.849303644313402,
    "scale": 0.9795861087155615
}