{
    "volume": 8.214810154564141,
    "scale": 0.8480926088488114
}