{
    "volume": 9.645766793994063,
    "scale": 0.8480926088488114
}