{
    "volume": 21.326127574279887,
    "scale": 1.105209449592116
}