{
    "volume": 14.231459204253536,
    "scale": 0.9654893846056297
}