{
    "volume": 12.12021170345529,
    "scale": 0.9654893846056297
}