{
    "volume": 12.658887779164415,
    "scale": 0.9795861087155615
}