{
    "volume": 14.86396850222036,
    "scale": 0.9795861087155615
}