{
    "volume": 13.901475752123186,
    "scale": 0.9582839714125568
}