{
    "volume": 14.705841177728654,
    "scale": 0.9761000076685076
}