{
    "volume": 12.524218760237133,
    "scale": 0.9761000076685076
}