{
    "volume": 17.692787320884058,
    "scale": 1.0384988203702208
}