{
    "volume": 11.531906021647643,
    "scale": 0.9004113346093702
}