{
    "volume": 12.953647859932968,
    "scale": 0.9359901623141157
}