{
    "volume": 14.40958502521907,
    "scale": 1.0228091217696715
}