{
    "volume": 16.919623720612538,
    "scale": 1.0228091217696715
}