{
    "volume": 17.910979517328375,
    "scale": 1.0997244488862667
}