{
    "volume": 21.030934157396896,
    "scale": 1.0997244488862667
}