{
    "volume": 11.850873665600728,
    "scale": 0.9582839714125568
}