{
    "volume": 13.915204555270124,
    "scale": 0.9582839714125568
}