{
    "volume": 19.291533587988127,
    "scale": 1.0685297301488765
}