{
    "volume": 16.429620309128282,
    "scale": 1.0685297301488765
}