{
    "volume": 17.376844690153984,
    "scale": 1.0322801154563672
}