{
    "volume": 11.859549336877947,
    "scale": 0.9085602964160698
}