{
    "volume": 10.100176419546075,
    "scale": 0.9085602964160698
}