{
    "volume": 15.621606195564599,
    "scale": 1.0507175744985804
}