{
    "volume": 18.342769641037894,
    "scale": 1.0507175744985804
}