{
    "volume": 13.74350443675815,
    "scale": 0.954640270936004
}