{
    "volume": 17.10296540376469,
    "scale": 1.0829321328319994
}