{
    "volume": 20.08217021044666,
    "scale": 1.0829321328319994
}