{
    "volume": 19.746414420629527,
    "scale": 1.077217345015942
}