{
    "volume": 11.177528570964324,
    "scale": 0.9397796374952974
}