{
    "volume": 13.124567932811594,
    "scale": 0.9397796374952974
}