{
    "volume": 20.694242312819743,
    "scale": 1.09418418136353
}