{
    "volume": 15.338350475695478,
    "scale": 0.9898982992491293
}