{
    "volume": 13.062894835946258,
    "scale": 0.9898982992491293
}