{
    "volume": 12.321762598472825,
    "scale": 0.9205164082515889
}