{
    "volume": 15.890944233419159,
    "scale": 1.0567218052587208
}