{
    "volume": 18.659024290021303,
    "scale": 1.0567218052587208
}