{
    "volume": 21.347188806380306,
    "scale": 1.105209449592116
}