{
    "volume": 18.18031755518294,
    "scale": 1.105209449592116
}