{
    "volume": 20.556552183921777,
    "scale": 1.091392883061106
}