{
    "volume": 17.506972460546532,
    "scale": 1.091392883061106
}