{
    "volume": 18.02651499205448,
    "scale": 1.0446439268223187
}