{
    "volume": 15.352268157710037,
    "scale": 1.0446439268223187
}