{
    "volume": 8.349479173491423,
    "scale": 0.8527018983281598
}