{
    "volume": 9.80389411848577,
    "scale": 0.8527018983281598
}