{
    "volume": 17.85075863624909,
    "scale": 1.041580437306559
}