{
    "volume": 11.689877337012678,
    "scale": 0.9045041696510275
}