{
    "volume": 15.481188905773548,
    "scale": 0.9932883883792687
}