{
    "volume": 15.180223151203771,
    "scale": 0.986484829732188
}