{
    "volume": 12.928225817018976,
    "scale": 0.986484829732188
}