{
    "volume": 13.427561806028077,
    "scale": 0.9472682371859096
}