{
    "volume": 16.02561325234644,
    "scale": 1.0596985021248149
}