{
    "volume": 18.81715161451301,
    "scale": 1.0596985021248149
}