{
    "volume": 18.64061521307427,
    "scale": 1.0567218052587208
}