{
    "volume": 15.022095826712066,
    "scale": 0.9830475724915585
}