{
    "volume": 12.793556798091696,
    "scale": 0.9830475724915585
}