{
    "volume": 21.010184943549817,
    "scale": 1.0997244488862667
}