{
    "volume": 16.160282271273722,
    "scale": 1.0626585691826111
}