{
    "volume": 18.975278939004713,
    "scale": 1.0626585691826111
}