{
    "volume": 17.55213301857936,
    "scale": 1.0353988054484062
}