{
    "volume": 14.94826110092819,
    "scale": 1.0353988054484062
}