{
    "volume": 10.426106814092389,
    "scale": 0.8706587691173612
}