{
    "volume": 18.500896965529595,
    "scale": 1.053728243029631
}