{
    "volume": 15.756275214491877,
    "scale": 1.053728243029631
}