{
    "volume": 16.902930744058875,
    "scale": 1.0228091217696715
}