{
    "volume": 14.274916006291788,
    "scale": 1.0196128224222163
}