{
    "volume": 16.761496396120833,
    "scale": 1.0196128224222163
}