{
    "volume": 18.00872995161413,
    "scale": 1.0446439268223187
}