{
    "volume": 14.05944706748822,
    "scale": 0.9619001716077046
}