{
    "volume": 12.795676544567932,
    "scale": 0.9321697517861577
}