{
    "volume": 17.218873374788945,
    "scale": 1.0291424665715063
}