{
    "volume": 18.71899363089206,
    "scale": 1.1160190299209167
}