{
    "volume": 21.97969810434713,
    "scale": 1.1160190299209167
}