{
    "volume": 19.58844310526449,
    "scale": 1.0743370709889664
}