{
    "volume": 15.217599138782752,
    "scale": 1.041580437306559
}