{
    "volume": 17.86838766756277,
    "scale": 1.041580437306559
}