{
    "volume": 10.91078538992771,
    "scale": 0.8836555922403612
}