{
    "volume": 9.292162305982389,
    "scale": 0.8836555922403612
}