{
    "volume": 11.227040038911122,
    "scale": 0.8921121404456347
}