{
    "volume": 9.56150034383695,
    "scale": 0.8921121404456347
}