{
    "volume": 20.062357051359598,
    "scale": 1.0829321328319994
}