{
    "volume": 12.005819967742752,
    "scale": 0.9125805270773933
}