{
    "volume": 13.585533121393114,
    "scale": 0.950968541305815
}