{
    "volume": 12.492058634844772,
    "scale": 0.9244335465376482
}