{
    "volume": 10.6388524952552,
    "scale": 0.9244335465376482
}