{
    "volume": 17.394005694087657,
    "scale": 1.0322801154563672
}