{
    "volume": 14.813592082000913,
    "scale": 1.0322801154563672
}