{
    "volume": 8.080141135636861,
    "scale": 0.8434326653017492
}