{
    "volume": 9.487639469502357,
    "scale": 0.8434326653017492
}