{
    "volume": 15.639160221138583,
    "scale": 0.9966554934125964
}