{
    "volume": 21.189061481888597,
    "scale": 1.1024737714497332
}