{
    "volume": 18.045648536255655,
    "scale": 1.1024737714497332
}