{
    "volume": 12.47973391383786,
    "scale": 0.9244335465376482
}