{
    "volume": 20.714679508413482,
    "scale": 1.09418418136353
}