{
    "volume": 17.64164147947381,
    "scale": 1.09418418136353
}