{
    "volume": 15.970859773662303,
    "scale": 1.0033222835420892
}