{
    "volume": 13.601570911655383,
    "scale": 1.0033222835420892
}