{
    "volume": 9.952192867997281,
    "scale": 0.8572618882313395
}