{
    "volume": 15.496477800187185,
    "scale": 0.9932883883792687
}