{
    "volume": 13.19756385487354,
    "scale": 0.9932883883792687
}