{
    "volume": 14.67892306307363,
    "scale": 1.0291424665715063
}