{
    "volume": 17.235878369595948,
    "scale": 1.0291424665715063
}