{
    "volume": 9.636250237267209,
    "scale": 0.8480926088488114
}