{
    "volume": 14.691332328948366,
    "scale": 0.9761000076685076
}