{
    "volume": 15.007274959678439,
    "scale": 0.9830475724915585
}