{
    "volume": 15.323217590408511,
    "scale": 0.9898982992491293
}