{
    "volume": 16.44524174713742,
    "scale": 1.0131594038201772
}