{
    "volume": 14.005577968437226,
    "scale": 1.0131594038201772
}