{
    "volume": 18.184642316546185,
    "scale": 1.0476895531716472
}