{
    "volume": 15.486937176637316,
    "scale": 1.0476895531716472
}