{
    "volume": 16.60336907162913,
    "scale": 1.0163963568148535
}