{
    "volume": 14.140246987364506,
    "scale": 1.0163963568148535
}